{
  "src/App.tsx": 1775963760.3455167,
  "src/main.tsx": 1767008152.1111395,
  "src/vite-env.d.ts": 1767008152.111258,
  "src/api.tsx": 1774691740.4705167,
  "src/contexts/AmbassadorAuthContext.tsx": 1769768124.772772,
  "src/contexts/WorkAuthContext.tsx": 1767008152.1110306,
  "src/contexts/AdminAuthContext.tsx": 1774653498.867336,
  "src/contexts/GuestCartContext.tsx": 1775138782.1286335,
  "src/contexts/JunoStudioContext.tsx": 1767008152.1109145,
  "src/contexts/SellerAuthContext.tsx": 1774788606.5926085,
  "src/constants/Colors.ts": 1767008152.1101604,
  "src/constants/sizing.ts": 1767794467.2399027,
  "src/constants/Samples.ts": 1767008152.1103106,
  "src/constants/seller.ts": 1767654761.234088,
  "src/constants/types.ts": 1775877747.865125,
  "src/constants/orders.ts": 1767008152.1105616,
  "src/constants/user.ts": 1767008152.110735,
  "src/constants/address.ts": 1767008152.1105118,
  "src/utils/qrCode.ts": 1767008152.1112163,
  "src/blog/index.ts": 1767008152.1021097,
  "src/components/BrandPage.tsx": 1774673341.4251142,
  "src/components/Navbar.tsx": 1775138938.0239487,
  "src/components/Pricing.tsx": 1767797931.6676898,
  "src/components/Team.tsx": 1772309988.2770667,
  "src/components/DownloadRedirect.tsx": 1772310004.5893679,
  "src/components/Footer.tsx": 1774626827.4238975,
  "src/components/BrandReelGraphic.tsx": 1772994437.0807009,
  "src/components/ProductPage.tsx": 1775130302.2293105,
  "src/components/seller/ProductEditor.tsx": 1775884839.8506982,
  "src/components/seller/SellerOnboarding.tsx": 1775546350.468973,
  "src/components/seller/ProtectedRoute.tsx": 1767008152.1088428,
  "src/components/seller/SubscriptionModal.tsx": 1767008152.1092927,
  "src/components/seller/JunoStudioAccounts.tsx": 1767008152.108039,
  "src/components/seller/OrderStatusBadge.tsx": 1767008152.108439,
  "src/components/seller/ManageOrders.tsx": 1774969562.4969223,
  "src/components/seller/ManageInventory.tsx": 1775884854.245973,
  "src/components/seller/probe.ts": 1774969534.8091466,
  "src/components/seller/ShopifyScrape.tsx": 1775877435.811376,
  "src/components/seller/FormStep.tsx": 1767008152.107968,
  "src/components/seller/ShopifySuccess.tsx": 1775877597.5667765,
  "src/components/seller/Analytics.tsx": 1774791361.5796287,
  "src/components/seller/SellerHome.tsx": 1775877555.6611364,
  "src/components/seller/Profile.tsx": 1774784102.4644568,
  "src/components/seller/JunoStudioLanding.tsx": 1774796864.6362119,
  "src/components/seller/SellerDashboard.tsx": 1774969543.7523694,
  "src/components/seller/SizingGuideEditor.tsx": 1774977379.1921859,
  "src/components/seller/JunoStudioDownloads.tsx": 1767008152.1081073,
  "src/components/seller/Sidebar.tsx": 1774968872.8023498,
  "src/components/seller/SellerAuth.tsx": 1774796864.6366663,
  "src/components/seller/FormInput.tsx": 1767656883.0104582,
  "src/components/landing/Hero.tsx": 1775015572.2284038,
  "src/components/landing/BrandShowcase.tsx": 1772740211.8851845,
  "src/components/landing/Mission.tsx": 1772725021.6720312,
  "src/components/landing/CatchyProducts.tsx": 1774647236.6604517,
  "src/components/landing/BrandSpotlight.tsx": 1772727581.8299675,
  "src/components/landing/JunoStudio.tsx": 1774627139.1315844,
  "src/components/landing/TestimonialsSection.tsx": 1774647161.7533267,
  "src/components/landing/DownloadSection.tsx": 1774647298.8841503,
  "src/components/landing/JunoApp.tsx": 1774647278.467283,
  "src/components/landing/BrandsSection.tsx": 1772728259.5365615,
  "src/components/landing/ScreenshotsSection.tsx": 1774647261.8593988,
  "src/components/catalog/CatalogPage.tsx": 1775142105.73209,
  "src/components/catalog/WishlistPage.tsx": 1775140459.4667041,
  "src/components/catalog/SizeGuideModal.tsx": 1775140355.2043662,
  "src/components/catalog/ProductCard.tsx": 1775141838.5766912,
  "src/components/catalog/GenderOrProductRouter.tsx": 1775963835.8226843,
  "src/components/catalog/CatalogProductPage.tsx": 1775964330.2892272,
  "src/components/catalog/CatalogNavbar.tsx": 1775140155.8679388,
  "src/components/catalog/CatalogDiscovery.tsx": 1775141725.3976202,
  "src/components/catalog/CatalogHero.tsx": 1775141780.0702555,
  "src/components/catalog/gender/ProductGrid.tsx": 1775963236.051078,
  "src/components/catalog/gender/GenderHeader.tsx": 1775963210.2098184,
  "src/components/catalog/gender/GenderCatalogPage.tsx": 1775964040.7172105,
  "src/components/catalog/gender/BrandList.tsx": 1775963249.5473418,
  "src/components/catalog/gender/GenderLandingPage.tsx": 1775963294.6146173,
  "src/components/admin/AmbassadorTasks.tsx": 1769758388.1678605,
  "src/components/admin/ProtectedRoute.tsx": 1767008152.1065392,
  "src/components/admin/SystemTools.tsx": 1774673271.8506916,
  "src/components/admin/LocationMap.tsx": 1769330827.606834,
  "src/components/admin/SalesFunnel.tsx": 1774673286.074867,
  "src/components/admin/ManageOrders.tsx": 1774673228.7838123,
  "src/components/admin/ManageSellers.tsx": 1774626851.132767,
  "src/components/admin/OrderDetailModal.tsx": 1769330629.2805395,
  "src/components/admin/ManageUsers.tsx": 1769330445.5959878,
  "src/components/admin/ProductPerformance.tsx": 1769330792.0027423,
  "src/components/admin/ChapterForms.tsx": 1774673297.0462272,
  "src/components/admin/DeliveryCoverage.tsx": 1769330827.7374365,
  "src/components/admin/InteractionAnalytics.tsx": 1775131312.944879,
  "src/components/admin/ManageInvites.tsx": 1774673310.3940063,
  "src/components/admin/ManageProducts.tsx": 1774673318.4534993,
  "src/components/admin/ManageNotifications.tsx": 1769330738.0906372,
  "src/components/admin/PlatformStats.tsx": 1775131566.3785934,
  "src/components/admin/Sidebar.tsx": 1774968695.973716,
  "src/components/admin/ApiStatus.tsx": 1775130738.071625,
  "src/components/admin/AdminAuth.tsx": 1769330660.7324367,
  "src/components/admin/AdminDashboard.tsx": 1769330395.0066476,
  "src/components/ambassador/AmbassadorDashboard.tsx": 1770724580.6976998,
  "src/components/ambassador/ProtectedRoute.tsx": 1767008152.1068223,
  "src/components/ambassador/AmbassadorAuth.tsx": 1769768324.5566986,
  "src/components/shared/LoadingSpinner.tsx": 1767008152.1093752,
  "src/components/policies/PrivacyPolicy.tsx": 1767008152.1075668,
  "src/components/policies/TermsConditions.tsx": 1767008152.107775,
  "src/components/policies/RefundPolicy.tsx": 1767008152.10763,
  "src/components/policies/ReturnPolicy.tsx": 1767008152.1076744,
  "src/components/policies/ShippingServicePolicy.tsx": 1767008152.107725,
  "src/components/checkout/CheckoutPage.tsx": 1775139290.3027134,
  "src/components/checkout/OrderConfirmationPage.tsx": 1775139353.3099594,
  "src/components/checkout/OrderTrackingPage.tsx": 1775139399.5170996,
  "src/components/chapter/ChapterFormPage.tsx": 1772310013.3082602,
  "src/components/blog/BlogIndexPage.tsx": 1767008152.1072114,
  "src/components/blog/WritePage.tsx": 1767008152.1073208,
  "src/components/blog/BlogPostPage.tsx": 1767008152.1072686,
  "src/components/app_onboarding/OnboardingSteps.tsx": 1767008152.106929,
  "src/components/app_onboarding/onboarding_flow.ts": 1767008152.1070745,
  "src/components/app_onboarding/user.ts": 1767008152.1071274,
  "src/components/work/PerformanceStats.tsx": 1767008152.1096735,
  "src/components/work/WorkAuth.tsx": 1767008152.1100278,
  "src/components/work/TaskManagement.tsx": 1767008152.1098742,
  "src/components/work/TaskCard.tsx": 1767008152.1097698,
  "src/components/work/EmployeeList.tsx": 1767008152.109518,
  "src/components/work/NotificationCenter.tsx": 1767008152.1096172,
  "src/components/work/ProtectedRoute.tsx": 1767008152.1097195,
  "src/components/work/WeeklyReportHistory.tsx": 1767008152.1099765,
  "src/components/work/CEOOverview.tsx": 1767008152.1094668,
  "src/components/work/TaskList.tsx": 1767008152.10982,
  "src/components/work/MyPerformance.tsx": 1767008152.1095676,
  "src/components/work/WeeklyReportForm.tsx": 1767008152.1099243,
  "src/components/work/WorkDashboard.tsx": 1767008152.1100824,